<?xml version="1.0" encoding="UTF-8"?>
<metadata xml:lang="zh"><Esri><CreaDate>20230829</CreaDate><CreaTime>11304900</CreaTime><ArcGISFormat>1.0</ArcGISFormat><SyncOnce>TRUE</SyncOnce><DataProperties><lineage><Process ToolSource="d:\install_catalogue\gis\desktop10.8\ArcToolbox\Toolboxes\Conversion Tools.tbx\PolygonToRaster" Date="20230829" Time="113049">PolygonToRaster fish_hebing_value1_3 isa E:\Paper4_new2\d_isa_raster\isa.tif CELL_CENTER NONE 250</Process></lineage></DataProperties></Esri></metadata>
