<?xml version="1.0" encoding="UTF-8"?>
<metadata xml:lang="zh"><Esri><CreaDate>20230901</CreaDate><CreaTime>15184000</CreaTime><ArcGISFormat>1.0</ArcGISFormat><SyncOnce>TRUE</SyncOnce><DataProperties><lineage><Process ToolSource="d:\install_catalogue\gis\desktop10.8\ArcToolbox\Toolboxes\Conversion Tools.tbx\PolygonToRaster" Date="20230901" Time="151840">PolygonToRaster fish_road AREA E:\Paper4_new2\h_couple_code\banArea_new1\road.tif CELL_CENTER NONE 250</Process></lineage></DataProperties></Esri></metadata>
