<PAMDataset>
  <PAMRasterBand band="1">
    <Histograms>
      <HistItem>
        <HistMin>0</HistMin>
        <HistMax>0.7383800148963928</HistMax>
        <BucketCount>256</BucketCount>
        <IncludeOutOfRange>1</IncludeOutOfRange>
        <Approximate>0</Approximate>
        <HistCounts>19490|137|105|87|69|64|54|69|70|60|44|63|47|48|43|50|51|51|47|45|40|34|47|37|31|40|47|36|34|27|37|38|29|31|31|29|27|32|23|36|41|31|38|29|34|27|32|41|29|35|19|36|30|38|29|31|27|29|30|31|20|23|22|31|28|29|29|24|18|24|30|24|16|25|26|27|15|23|23|18|27|28|27|24|18|19|20|20|16|23|24|25|28|29|20|18|16|17|17|21|23|20|11|18|19|10|18|23|19|22|15|23|12|26|19|19|27|18|20|14|16|21|15|24|13|20|17|18|19|16|23|15|20|13|15|28|23|26|20|18|12|21|15|24|19|16|16|17|14|20|31|24|20|15|9|16|13|10|8|4|6|5|7|5|7|6|5|4|3|3|2|6|4|1|2|3|4|5|4|3|1|1|2|3|0|1|0|0|0|3|1|1|0|1|0|1|1|2|2|2|1|0|1|0|0|0|0|3|1|1|1|2|0|1|2|0|0|0|1|0|0|0|1|1|0|0|0|0|1|1|0|0|0|1|0|0|0|0|0|0|0|0|0|0|0|0|0|0|0|0|0|0|0|0|0|1</HistCounts>
      </HistItem>
    </Histograms>
    <Metadata>
      <MDI key="STATISTICS_EXCLUDEDVALUES"></MDI>
      <MDI key="STATISTICS_MAXIMUM">0.73838001489639</MDI>
      <MDI key="STATISTICS_MEAN">0.035490694544086</MDI>
      <MDI key="STATISTICS_MINIMUM">0</MDI>
      <MDI key="STATISTICS_SKIPFACTORX">1</MDI>
      <MDI key="STATISTICS_SKIPFACTORY">1</MDI>
      <MDI key="STATISTICS_STDDEV">0.096369739739082</MDI>
    </Metadata>
  </PAMRasterBand>
</PAMDataset>
