<?xml version="1.0" encoding="UTF-8"?>
<metadata xml:lang="zh"><Esri><CreaDate>20230829</CreaDate><CreaTime>12134800</CreaTime><ArcGISFormat>1.0</ArcGISFormat><SyncOnce>TRUE</SyncOnce><DataProperties><lineage><Process ToolSource="d:\install_catalogue\gis\desktop10.8\ArcToolbox\Toolboxes\Conversion Tools.tbx\PolygonToRaster" Date="20230829" Time="121348">PolygonToRaster fish_hebing slope:MEAN E:\Paper4_new2\f_dem_slope\slope.tif CELL_CENTER NONE 250</Process></lineage></DataProperties></Esri></metadata>
